grupo,categoria,dominios,porcentaje_de_958,nota
muestra,dominios .es en la muestra (Tranco K9Z7W),1000,,27 son .gob.es
muestra,con certificado medible,958,100.0,
muestra,sin conexion segura,42,,8 webs; 9 tecnicos por el nombre; 25 sin web visible
duracion,47 dias o menos,19,2.0,los 19 duran 30 dias; 17 de Certainly (Fastly)
duracion,48 a 100 dias,402,42.0,
duracion,101 a 200 dias,336,35.1,
duracion,mas de 200 dias,201,21.0,todos emitidos antes del 15-mar-2026
emisor,Let's Encrypt,200,20.9,
emisor,Google Trust Services,184,19.2,
emisor,Amazon,80,8.4,
emisor,Let's Encrypt + Google Trust Services + Amazon,464,48.4,emisores que renuevan solos; no son renovaciones medidas
emisor,HARICA,70,7.3,por el nombre: 47 universidades; 11 administracion; 10 investigacion; 2 sin identificar
no_valido,error de certificado en Chrome,21,2.2,15 nombre; 4 cadena incompleta con otro fallo; 2 caducados
no_valido,cargan en el navegador y no validan fuera,12,1.3,11 cadena incompleta; 1 cadena que OpenSSL no valida
no_valido,fallo que no es de certificado,1,0.1,error HTTP/2
www_apex,dominios con www y sin www en certificados distintos,226,,de 847 donde conectan los dos (26.7%)
