city,region,speed_score,lcp_s,weight_mb,wcag_desktop,wcag_desktop_critical,wcag_mobile,wcag_mobile_critical,declaration,horizontal_scroll_320px
A Coruña,Galicia,38,17.2,2.7,5,false,4,false,página desfasada,false
Albacete,Castilla-La Mancha,28,21.3,3.8,100,true,53,true,página desfasada,true
Alicante,Comunitat Valenciana,62,8.2,1.4,0,false,0,false,parcialmente conforme,false
Almería,Andalucía,46,12.1,4.7,10,true,13,true,no encontrada desde la portada,false
Ávila,Castilla y León,65,6.9,1,28,false,28,false,no encontrada desde la portada,true
Badajoz,Extremadura,49,6.7,6.8,17,false,8,false,parcialmente conforme,false
Barcelona,Cataluña,56,19.4,5.9,17,true,19,true,parcialmente conforme,false
Bilbao,País Vasco,81,3.5,2.2,4,true,4,true,no lo dice,true
Burgos,Castilla y León,55,21.2,7.2,14,true,7,true,página desfasada,false
Cáceres,Extremadura,55,19.4,22.4,38,false,48,true,no encontrada desde la portada,false
Cádiz,Andalucía,64,7.1,1.9,11,false,11,false,parcialmente conforme,true
Castellón de la Plana,Comunitat Valenciana,55,17.2,3.1,14,false,16,false,parcialmente conforme,false
Ciudad Real,Castilla-La Mancha,53,23.5,9,7,false,7,false,no lo dice,false
Córdoba,Andalucía,51,12.6,14.6,3,false,2,false,parcialmente conforme,false
Cuenca,Castilla-La Mancha,61,12.1,1.8,15,true,16,true,parcialmente conforme,true
Donostia-San Sebastián,País Vasco,45,8.8,2.4,12,true,4,true,no lo dice,false
Girona,Cataluña,58,13.4,2.4,31,true,35,true,no encontrada desde la portada,false
Granada,Andalucía,62,8.5,1.1,4,true,4,true,no lo dice,true
Guadalajara,Castilla-La Mancha,59,16.7,2.8,31,true,26,false,no lo dice,false
Huelva,Andalucía,46,23.3,7.3,0,false,1,true,no encontrada desde la portada,true
Huesca,Aragón,52,53.8,14.8,18,true,,,no encontrada desde la portada,false
Jaén,Andalucía,64,46.2,8.4,9,true,9,true,no encontrada desde la portada,true
Las Palmas de Gran Canaria,Canarias,26,40.9,15.9,27,false,24,false,parcialmente conforme,true
León,Castilla y León,,,,5,false,12,true,no encontrada desde la portada,false
Lleida,Cataluña,55,39.8,11.1,2,false,2,true,parcialmente conforme,false
Logroño,La Rioja,42,35.9,19,0,false,0,false,no lo dice,false
Lugo,Galicia,56,19.3,4.1,44,false,38,false,no encontrada desde la portada,false
Madrid,Comunidad de Madrid,63,14.1,3.3,12,true,15,true,parcialmente conforme,false
Málaga,Andalucía,28,39.4,9.3,11,true,7,true,parcialmente conforme,false
Murcia,Región de Murcia,4,124.2,30.5,14,false,12,false,no lo dice,false
Ourense,Galicia,62,6.5,8.9,21,false,4,false,parcialmente conforme,false
Oviedo,Asturias,58,14.6,3.7,52,true,42,true,no encontrada desde la portada,false
Palencia,Castilla y León,58,6.8,20.9,0,false,1,false,parcialmente conforme,false
Palma,Illes Balears,53,14.8,5.6,146,true,133,true,página desfasada,false
Pamplona,Navarra,58,32.6,7.8,7,true,15,true,parcialmente conforme,false
Pontevedra,Galicia,54,10.7,1.5,3,true,3,false,parcialmente conforme,false
Salamanca,Castilla y León,54,89.2,30.4,1,false,1,false,parcialmente conforme,false
Santa Cruz de Tenerife,Canarias,53,38.4,13.3,43,false,39,false,parcialmente conforme,false
Santander,Cantabria,56,19.1,3.2,14,true,17,true,no encontrada desde la portada,false
Segovia,Castilla y León,59,11.3,1.3,2,true,1,true,parcialmente conforme,false
Sevilla,Andalucía,56,26.9,4.7,7,false,11,false,parcialmente conforme,false
Soria,Castilla y León,69,7.3,0.8,3,true,3,true,no encontrada desde la portada,true
Tarragona,Cataluña,51,32.6,6.6,0,false,1,true,parcialmente conforme,false
Teruel,Aragón,64,34.5,9.6,17,true,17,true,página desfasada,false
Toledo,Castilla-La Mancha,,,,,,24,true,página desfasada,false
Valencia,Comunitat Valenciana,49,27,14.1,0,false,2,true,parcialmente conforme,true
Valladolid,Castilla y León,57,13.2,34.2,3,false,4,true,parcialmente conforme,false
Vitoria-Gasteiz,País Vasco,92,3.1,1,0,false,0,false,parcialmente conforme,false
Zamora,Castilla y León,55,25.3,9,35,true,30,true,no encontrada desde la portada,true
Zaragoza,Aragón,63,16.6,5.3,4,false,4,false,parcialmente conforme,false
